{
	"Format": "1.29.0",
	"ConfigSchema": {
		"Spring Onion Crop": {
			"AllowValues": "true, false",
			"Default": "true",
			"Description": "Adds a crop for spring onions."
		},
		"Ginger Crop": {
			"AllowValues": "true, false",
			"Default": "true",
			"Description": "Adds a late-game crop for ginger."
		},
		"Sweet Pea Crop": {
			"AllowValues": "true, false",
			"Default": "true",
			"Description": "Adds a crop for sweet pea flowers."
		},
		"Crocus Crop": {
			"AllowValues": "true, false",
			"Default": "true",
			"Description": "Adds a crop for crocus flowers."
		},
		"Common Mushroom Crop": {
			"AllowValues": "true, false",
			"Default": "true",
			"Description": "Adds a 'bush' crop for common mushrooms (if you have Custom Bush installed)."
		},
		"Morel Crop": {
			"AllowValues": "true, false",
			"Default": "true",
			"Description": "Adds a 'bush' crop for morels (if you have Custom Bush installed)."
		},
		"Chanterelle Crop": {
			"AllowValues": "true, false",
			"Default": "true",
			"Description": "Adds a 'bush' crop for chanterelles (if you have Custom Bush installed)."
		},
		"Salmonberry Crop": {
			"AllowValues": "true, false",
			"Default": "true",
			"Description": "Adds a bush crop for salmonberries (if you have Custom Bush installed)."
		},
		"Blackberry Crop": {
			"AllowValues": "true, false",
			"Default": "true",
			"Description": "Adds a bush crop for salmonberries (if you have Custom Bush installed)."
		},
		"Holly Crop": {
			"AllowValues": "true, false",
			"Default": "true",
			"Description": "Adds a bush crop for holly (if you have Custom Bush installed)."
		},
		"Coffee Bush": {
			"AllowValues": "true, false",
			"Default": "true",
			"Description": "Turns coffee beans from a crop into a bush (if you have Custom Bush installed)."
		},
		"Blueberry Bush": {
			"AllowValues": "true, false",
			"Default": "true",
			"Description": "Turns blueberries from a crop into a bush (if you have Custom Bush installed)."
		},
		"Cactus Bush": {
			"AllowValues": "true, false",
			"Default": "true",
			"Description": "Turns cactus fruit from a crop into a bush (if you have Custom Bush installed)."
		},
		"Hops Bush": {
			"AllowValues": "true, false",
			"Default": "true",
			"Description": "Turns hops from a crop into a bush (if you have Custom Bush installed). Visually still looks like a trellis."
		},
		"Grapes Bush": {
			"AllowValues": "true, false",
			"Default": "true",
			"Description": "Turns grapes from a crop into a bush (if you have Custom Bush installed). Visually still looks like a trellis."
		},
		"Hazelnut Tree": {
			"AllowValues": "true, false",
			"Default": "true",
			"Description": "Adds a tree sapling for hazelnuts."
		},
	},
	"DynamicTokens": [
		{
			"Name": "QualityChance",
			"Value": 4,
			//"Value": "{{Random: 0, 1, 2, 4}}",
		},
	],
	"Changes": [
		{
		"LogName": "Textures",
		"Action": "Load",
		"Target": "Cornucopia.GrowableForage/objects, Cornucopia.GrowableForage/crops, Cornucopia.GrowableForage/fruittrees, Cornucopia.GrowableForage/teabushes_indoors",
		"FromFile": "assets/{{TargetWithoutPath}}.png"
		},
		{
		"LogName": "Tea Bush",
		"Action": "Load",
		"Target": "Cornucopia.GrowableForage/teabushes",
		"FromFile": "assets/teabushes_{{season}}.png"
		},
		{
		"LogName": "Vanilla Forage Crops",
		"Action": "Include",
		"FromFile": "data/crops.json, data/fruittrees.json, data/objects.json, data/objectsreplacement.json, data/shop_dwarf.json, data/shop_islandtrader.json, data/shop_pierre.json, data/teabushes.json,",
		},
	]
}